"Name,Title/Kampung,Address,Phone,Mukim,Kampung Rangkaian"
"""Encik Mohd Isa Bin Kasnin"",""Ketua Kampung Sawah Batu 4"",""PKP 169 Batu 4, Kampung Sawah 81500 Pekan Nenas, Pontian"",""019-776 8881"",""Mukim Pontian"",""Kampung Setia Jaya, Kampung Kurnia, Kampung Batu 5"""
"""Encik Abd Rahman Bin Aspah"",""Ketua Kampung Maju Jaya"",""Lorong Satu, Kampung Maju Jaya 81500 Pekan Nenas"",""017-7614087"",""Mukim Pontian"",""Kampung Pak Kalib, Lorong 1"""
"""Encik Jamri Bin Mardan"",""Ketua Kampung Jawa Ulu"",""Parit Kasan, Kampung Jawa Ulu, 82100 Ayer Baloi, Pontian"",""010-8881321"",""Mukim Api-Api"",""Kampung Jawa Ulu, Kampung Sungai Anak Duku, Kampung Parit Kassan"""
"""Encik Loh Chor Piah"",""Ketua Masyarakat Cina Kampung Baru Bagan Ayer Baloi"",""No 9, Kampung Parit Kahar, Jelutong, 82100 Ayer Baloi, Pontian"",""019-574 9078"",""Mukim Ayer Baloi"",""N/A"""
"""Encik Ahmad Shuib Bin Hasnudin"",""Ketua Kampung Chokoh Besar"",""No. 100, Kampung Chokoh, Serkat 82030 Serkat, Pontian"",""013-6674848"",""Mukim Serkat"",""Kampung Chokoh Kecil, Kampung Chokoh Besar, Kampung Chokoh Laut, Kampung Chokoh Darat"""
"""Tuan Haji Hishammuddin Bin Haji Ajib"",""Ketua Kampung Parit Patah"",""No. 35, Taman Desa Harta Ria, Parit Semerah 82000 Pontian"",""013-754 0138"",""Mukim Pontian"",""Kampung Parit Bengkok, Kampung Sungai Durian"""
"""Encik Amshah Bin Johari"",""Ketua Kampung Sungai Naga"",""No 76 Parit 4 Kampung Api Api 82000 Pontian"",""017-7023608"",""Mukim Api-Api"",""Kampung Sungai Naga Darat, Kampung Sungai Naga Laut, Kampung Parit Hj. Dahlan, Kampung Parit Hj. Zain Laut, Kampung Parit Hj. Omar, Kampung Parit Yunos Darat, Kampung Parit Idris"""
"""Encik Md. Karib Bin Isnin"",""Ketua Kampung Paya Embun"",""No. 67, Jalan Cempaka, Kampung Paya Embun 81500 Pekan Nenas, Pontian"",""010-322 0953"",""Mukim Pontian"",""Kampung Seri Menanti, Kampung Alor Bukit"""
"""Encik Alias Bin Jaffar"",""Ketua Kampung Tanjung Ayer Hitam"",""No. 49, Kampung Parit Haji Rashid, Tanjung Ayer Hitam 82010 Pontian, Johor"",""016-751 5752"",""Mukim Pontian"",""Kampung Parit Hj. Rashid, Kampung Parit Hj. Rashid Lapis, Kampung Parit Kerinci Laut"""
"""Encik Ab. Rahman Bin Mohyin"",""Ketua Kampung Parit Masjid"",""No. 52, Jalan Dato' Ali 82000 Pontian"",""012-274 6040"",""Mukim Pontian"",""Kampung Pesisir, Kampung Dalam Jalan Dato' Ali, Kampung Talang, Jalan Mohd Salleh/Jalan Syawal Bandar Pontian"""
"""Encik Falah Bin Abdul Hussain"",""Ketua Kampung Parit Sikom"",""Lot 2716, Jalan Kolam Ayer, Kayu Ara Pasong 82010 Pontian"",""017-7488953"",""Mukim Api-Api"",""Kampung Parit Hj. A. Wahab, Kampung Parit Hj. Siraj, Kampung Parit Kayu Ara Pasong, Kampung Parit Sikom, Kampung Parit Sikom Lapis, Kampung Parit Sulaiman Kiri"""
"""Encik Tan Say Boon"",""Ketua Masyarakat Cina Kampung Baru Rangkaian Permas Kukup"",""No 1, Taman Laksamana, Permas, 82300 Kukup Pontian"",""012-759 6818"",""Mukim Serkat"",""N/A"""
"""Tuan Haji Azman Bin Hj Kamar"",""Ketua Kampung Pulai Sebatang"",""TL 10, Jalan Kampung Jawa, Pulai Sebatang, Ayer Baloi, 82100 Pontian"",""012-7246439"",""Mukim Api-Api"",""Kampung Sungai Nyior, Kampung Parit Manggis, Kampung Sungai Pulai Sebatang Darat, Kampung Parit Wak Rabu Laut, Kampung Parit Sungai Rotan, Kampung Parit Tok Pandak, Kampung Jawa Pekan"""
"""Encik Marezean Bin Tahirin"",""Ketua Kampung Sepakat Jaya"",""PKP 241-82, Kampung Bakar Arang, 81500 Pekan Nenas"",""011-5991 5192"",""Mukim Pontian"",""Kampung Bakar Arang, Kampung Sepakat Jaya, Kampung Sawah Dalam"""
"""Encik Mohd Zaini Bin Sarimin"",""Ketua Kampung Parit Sulaiman"",""No. 9, Kampung Parit Sulaiman, Kampung Telok Kerang 82020 Pontian Johor"",""017-791 9958"",""Mukim Rimba Terjun"",""Kampung Parit Joyo Sein, Kampung Parit Lapis, Kampung Parit Bugis, Kampung Parit Baru"""
"""Puan Loh Soh En"",""Ketua Masyarakat Cina Kampung Baru Bagan Kukup Laut"",""No 37, Ayer Masin, 82300 Pontian"",""016-712 7552"",""Mukim Serkat"",""N/A"""
"""Encik Ng Kin Lai"",""Ketua Masyarakat Cina Kampung Baru Pekan Nenas"",""46, Jalan Emas 1, Taman Lagenda Impian, 81500 Pekan Nenas, Pontian"",""019-729 2527"",""Mukim Jeram Batu & Pengkalan Raja"",""N/A"""
"""Tuan Haji Zakaria Bin Sanusi"",""Ketua Kampung Parit Dato' Onn"",""TL 50, Kampung Parit Dato' Onn, 82100 Ayer Baloi, Pontian"",""019-9126205"",""Mukim Api-Api"",""Kampung Parit Kassan Darat, Kampung Parit Sapran Darat, Kampung Pulai Sebatang Darat, Kampung Parit Pandak, Kampung Parit Hj. Zin Timur"""
"""Encik Rizal Bin Mohd Ali"",""Ketua Kampung Melayu Raya"",""No 51A, Jalan Rizab 2, Kampung Melayu Raya"",""019-764 1969"",""Mukim Pontian"",""Kampung Sri Gambut, Kampung Usaha Jaya"""
"""Encik Mohd Arfzan Bin Abdul Rahim"",""Ketua Kampung Rimba Terjun Timur"",""Lot 736, Kampung Sungai Rambah, 82000 Pontian Johor"",""011-1543 6612"",""Mukim Rimba Terjun"",""Kampung Parit Raja, Kampung Parit Tegong, Taman Azizah"""
"""Encik Mohd. Rashid Bin Mastam"",""Ketua Kampung Parit Sapran"",""No. 41, Parit Haji Abdul Rahman, Kayu Ara Pasong, 82010 Pontian"",""011-53797952"",""Mukim Api-Api"",""Kampung Parit Hj. Omar, Kampung Parit Hj. A. Rahman Darat, Kampung Sungai Terus, Kampung Parit Baru, Kampung Kolam Air, Kampung Parit Sulaiman, Kampung Pekan Kayu Ara Pasong"""
"""Tuan Haji Zaini Bin Sa'at"",""Ketua Kampung Parit Ibrahim"",""No. 87, Jalan Ibrahim 82000 Pontian"",""019-747 4881"",""Mukim Pontian"",""Kampung Parit Kawi, Kampung Hospital, Kampung Sri Dungun, Kampung Mahkota"""
"""Encik Rahmat Bin Sidon"",""Ketua Kampung Rimba Terjun Barat"",""No 9, Lorong Seni Sayong, Kampung Rimba Terjun, 82000 Pontian"",""014-275 1615"",""Mukim Rimba Terjun"",""Kampung Rimba Terjun, Kampung Parit Peng Kee, Kampung Parit Haji Dollah, Kampung Simpang Tiga, Pontian Perdagangan Pontian"""
"""Encik Mohd Kushari Bin Mat Saad"",""Ketua Kampung Parit Rambai"",""TL Pg 20, Parit Gantong, Km 54 Jalan Johor, Kg Parit Rambai, 82000 Pontian Johor"",""012-763 5517"",""Mukim Rimba Terjun"",""Kampung Parit Rambai Ulu, Kampung Parit Gantong, Kampung Parit Sukaraja, Kampung Parit Dukacita, Kampung Parit Ponorogo"""
"""Encik Muslim Bin Jupri"",""Ketua Kampung Parit Terus"",""No. 12, Parit Serong, Sanglang 82100 Ayer Baloi, Johor"",""016-3817925"",""Mukim Ayer Baloi"",""Kampung Parit Kasan, Kampung Parit Serong, Kampung Parit Kambari, Kampung Parit Bujang, Kampung Parit Kasan Lapis"""
"""Encik Md Isa Bin Kasmiran"",""Ketua Kampung Parit Lama"",""Kampung Parit Lama, Kayu Ara Pasong, 82010 Pontian"",""011-2169 4920"",""Mukim Pontian"",""Kampung Parit Baru"""
"""Encik Zorkarnain Bin Jali"",""Ketua Kampung Sungai Chengkeh"",""Kampung Sungai Chengkeh 82030 Serkat Pontian"",""019 769 5212"",""Mukim Serkat"",""Kampung Sungai Dinar, Kampung Sungai Sam, Kampung Sungai Dinar Darat, Kampung Sungai Dinar Laut, Loji Tanjung Bin"""
"""Encik Mohamad Halif Bin Kamaruddin"",""Ketua Kampung Sungai Bunyi"",""TLB 3/1A, Lorong Ibrahim, Kampung Kelapa, Batu 35, Jalan Johor 82000 Pontian Johor"",""018-278 7477"",""Mukim Rimba Terjun"",""Kampung Parit Kechik, Kampung Kelapa, Kampung Batu 35 Jalan Johor, Kampung Batu 36 Jalan Johor, Semua Taman Kaw. 6"""
"""Encik Fauzi Bin Buang @ Mohd Nasri"",""Ketua Kampung Parit Wahab"",""No. 11/52 Kiri, Jalan Parit Wahab, 82200 Benut, Pontian"",""013-7063424"",""Mukim Benut"",""Kampung Parit Hj. Ariff"""
"""Encik Rejab Bin Tasrip"",""Ketua Kampung Rambah"",""No. 1, Jalan Taman Rekreasi, Sungai Rambah 82000 Pontian"",""010-520 3097"",""Mukim Rimba Terjun"",""Kampung Parit Serong, Kampung Parit Bilal, Kampung Parit Mentol, Kampung Parit Sulong, Rumah Rakyat"""
"""Encik Ahmad Shah Bin Sartani"",""Ketua Kampung Parit Haji Adnan"",""No. 36, Kampung Parit Hj. Adnan 81500 Pekan Nenas"",""019-761 0256"",""Mukim Pontian"",""Kampung Parit Basilam, Kampung Parit Kelubi, Kampung Parit Lapis Kelubi, Kampung Parit Yusof, Kampung South Malaya"""
"""Encik Yahya Bin Jamil"",""Ketua Kampung Parit Kerimun"",""No. 47, Kampung Parit Kerimun, 82200 Benut, Pontian"",""013-7457010"",""Mukim Benut"",""Kampung Parit Archong"""
"""Encik Lim Hong Peng"",""Ketua Masyarakat Cina Kampung Baru Ayer Masin"",""No 35, Ayer Masin, 82300 Pontian"",""012-782 8676"",""Mukim Ayer Masin"",""N/A"""
"""Encik Kamiden Bin Haji A. Salam"",""Ketua Kampung Parit Semerah"",""No. 57 Kampung Parit Kudus Jalan Parit Semerah, 82000 Pontian"",""019-721 8922"",""Mukim Pontian"",""Kampung Parit Kudus, Kampung Parit Jawa, Kampung Parit Kuci, Kampung Permata, Kampung Parit Lapis"""
"""Encik Mahni Bin Jais"",""Ketua Kampung Parit Madirono"",""Blok 5577 TL KML 6/2 Kampung Parit Madirono Lapis, 82200 Benut, Pontian"",""011-40465573"",""Mukim Benut"",""Kampung Parit Madirono, Kampung Parit Ismail, Kampung Parit Jambi, Kampung Parit Terus"""
"""Encik M Zakaria Bin Misnan"",""Ketua Kampung Parit Abd Rahman"",""No 28 Kampung Parit Abdul Rahman, Kayu Ara Pasong, 82010 Pontian"",""013-375 5125"",""Mukim Pontian"",""Kampung Parit Bugis, Kampung Parit Lintang, Kampung Parit Kerinci Darat"""
"""Encik Ghazali Bin Abd Razak"",""Ketua Kampung Ayer Putih"",""No 200, Bt 3, Kg Sawah Pekan Nenas Pontian"",""012-475 9428"",""Mukim Jeram Batu & Pengkalan Raja"",""Kampung Desa Baru, Kampung Sawah Batu 3, Kampung Sawah Dalam, Taman Bunga, Taman Teratai, Taman Sri Sentosa, Taman Damai"""
"""Encik Sa'ad Bin Haron"",""Ketua Kampung Melayu Pontian Besar Kiri"",""No. 4, Lorong Makmur, Pontian Besar, 82000 Pontian"",""019-7117446"",""Mukim Api-Api"",""Kampung Pontian Besar Kiri, Kampung Melayu Pontian Besar, Kampung Parit Mat Damin (Parit 1), Kampung Parit Hj. A. Rahman, Parit Lapis Api-Api, Parit Ee Lyee, Kampung Sungai Dinar Laut, Kampung Sungai Dinar Darat"""
"""Encik Loh Eng Hock"",""Ketua Masyarakat Cina Kampung Baru Bagan Benut"",""No. 23, Jalan Harmoni 3, Taman Harmoni 82200 Benut"",""019-757 4492"",""Mukim Benut"",""N/A"""
"""Encik Muhammad Faiz Bin Ahmad Ridzuan"",""Ketua Kampung Permas Besar"",""No 55, Bandar Permas, 82300 Kukup Pontian Johor"",""017-324 1077"",""Mukim Ayer Masin"",""Kampung Permas Kelapa, Kampung Permas Bandar, Kampung Melayu Kukup, Kampung Kangkar Air Masin, Kampung Permas Kecil, Kukup Laut"""
"""Encik Kasbon Bin Kasron"",""Ketua Kampung Batu 30, Pengkalan Raja"",""No. 38, Jalan Haji Jamari, Batu 30, Pengkalan Raja 81500 Pekan Nanas, Pontian"",""018-911 8784"",""Mukim Jeram Batu & Pengkalan Raja"",""Kampung Batu 29, Pengkalan Raja"""
"""Encik Mahmood Bin Dasuki"",""Ketua Kampung Tenggayun"",""Kampung Tenggayun Batu 35, Jalan Johor, 82000 Pontian Johor"",""011-5660 1103"",""Mukim Rimba Terjun"",""Kampung Medan Sari, Kampung Parit Wakaf, Kampung Banjar, Kampung Tenggayun Barat, Kampung Tenggayun Tengah, Kampung Pakatan"""
"""Encik Mohd Ariffin Bin Mohd Yusof"",""Ketua Kampung Dalam"",""30 Ayer Babi, Por75 A Kampung Dalam 82100 Ayer Baloi, Pontian Johor"",""017-7178640"",""Mukim Ayer Baloi"",""Kampung Pak Long Mak Dom, Kampung Parit Ali/Parit Kadir, Kampung Parit Amal, Kampung Parit Lapis, Kampung Parit Rambai"""
"""Encik Borham Bin Musiron"",""Ketua Kampung Parit Pak Intan"",""Kampung Parit Haji Ariff, Parit Sikom 82010 Pontian Johor"",""019-7252613"",""Mukim Api-Api"",""Kampung Parit Sikom, Kampung Parit Buloh Cina, Kampung Parit Sikom Lapis, Kampung Parit Pak Intan, Kampung Parit Hj. Ariff, Kampung Parit Dato' Ulu, Ladang Chuan Seng, Parit Eng Joon, Kampung Kiyai Haji Ali"""
"""Encik Ahmad Azhri Bin Ja'afar"",""Ketua Kampung Sungai Boh"",""No. 12-B, Kampung Serkat Barat 82300 Serkat, Pontian Johor"",""013-7818244"",""Mukim Sungai Karang"",""Kampung Simpang Kiri"""
"""Encik Mohd Safuan Bin Sahimi"",""Ketua Kampung Tanjung Piai"",""No 24, Jalan Terus, Tanjung Piai 82300 Serkat, Pontian"",""017-766 5415"",""Mukim Serkat"",""Jalan Raja, Tanjung Piai, Kampung Sungai Belukong, Kampung Haji Saaban, Kampung Raja, Kampung Haji Tahir, Kampung Desa Sri Piai, Kampung Wawasan, Kampung Benteng Dinding, Kampung Sentosa, Kampung Haji Hashim"""
"""Encik Mohamad Yahya Bin Sulaiman"",""Ketua Kampung Tampok"",""TL 49 Kampung Tampok Lapis, 82200 Benut, Pontian"",""019-7506558 / 016-2021981"",""Mukim Benut"",""Kampung Tampok Laut, Kampung Pekan Tampok"""
"""Encik Mohd Asri Bin Ali"",""Ketua Kampung Haji Ashari"",""No 22 Kampung Haji Ashari, Telok Kerang 82020 Pontian"",""012-644 6974"",""Mukim Ayer Masin"",""Kampung Penerok Ulu, Kampung Yakun, Kampung Baharu, Kampung Parit Jerman, Kampung Parit Pemuda, Kampung Jalan Bakti"""
"""Encik Asbullah Bin Adam"",""Ketua Kampung Sungai Kuali"",""No. 24, Kampung Tengah Sungai Kuali, Serkat, 82030 Pontian"",""011-3171 0575"",""Mukim Serkat"",""Kampung Tengah Sungai Kuali, Kampung Parit Bugis, Kampung Jalan Fadil-Sebahagian, Kampung Tengah Darat, Kampung Parit Pengkalan"""
"""Encik Mohd Jahidin Bin Parman"",""Ketua Kampung Seri Bunian"",""Kampung Seri Bunian 82000 Pontian, Johor"",""011-5357 7188"",""Mukim Rimba Terjun"",""Kampung Batu 33 Jalan Johor, Kampung Parit Hj. Osman, Kampung Parit Md. Yakin Timur, Kampung Jasa Sepakat, Kampung Md. Yakin Barat"""
"""Encik Jumari Bin Salimink"",""Ketua Kampung Parit Sayang"",""No 4, Kampung Parit Lapis Sayang 82200 Benut, Pontian"",""017-2135205 / 017-7565205"",""Mukim Sungai Pinggan"",""Kampung Parit Lapis Sayang, Kampung Parit Bakau, Kampung Sepah Beruang, Kampung Nelayan"""
"""Encik Hisham Bin Salandrak"",""Ketua Kampung Parit Jawa"",""T/L LPM43, Kampung Parit Lapis Hj Muhammad, Sanglang 82100 Ayer Baloi, Pontian, Johor"",""019-7143099"",""Mukim Ayer Baloi"",""N/A"""
"""Encik Mohamad Shahrizan Bin Tomijan"",""Ketua Kampung Parit Satu"",""No. 68A, Kampung Parit Satu, Sanglang 82100 Ayer Baloi, Pontian Johor"",""019-7595316"",""Mukim Ayer Baloi"",""Kampung Parit Bujang, Kampung Parit Dua"""
"""Encik Firdaus Bin Mohd Ramli"",""Ketua Kampung Taman Emas Merah"",""No 40, Jalan Kiara 6, Taman Kiara 1, 81500 Pekan Nenas"",""017-780 5252"",""Mukim Jeram Batu & Pengkalan Raja"",""Kampung Batu 25, Kampung Parit Ulu Choh, Taman Kiara, Taman Intan, Taman Emas 3, Taman Mas Merah, Taman Mas Merah 2"""
"""Encik Mohd Tahir Bin Abd Hamid"",""Ketua Kampung Serkat"",""Ptd 682, Kampung Baru Parit Penghulu Serkat, 82300 Serkat Pontian"",""011-2095 4146"",""Mukim Serkat"",""Kampung Serkat Timur, Kampung Serkat Laut, Kampung Serkat Barat"""
"""Encik Mohd Rusly Bin Abas"",""Ketua Kampung Perpat Timbul"",""No. 17, Jalan Terus, Tanjung Piai, 82030 Serkat, Pontian"",""017-713 4074"",""Mukim Serkat"",""Kampung Serong Darat, Kampung Serong Laut, Kampung Perpat Punggur, Kampung Perpat Pasir"""
"""Encik Kamal Ibrahim Bin Wardi"",""Ketua Kampung Parit Panjang"",""T/L 136 Parit Panjang Darat 82100 Ayer Baloi, Pontian, Johor"",""016-7422656"",""Mukim Ayer Baloi"",""Kampung Parit Ali Barat, Kampung Parit Asas, Kampung Parit Puasa, Kampung Parit Jelotong Darat, Kampung Parit Rambai"""
"""Encik Nordin Bin Adam"",""Ketua Kampung Sungai Burung"",""Kampung Sungai Moleh 81500 Pekan Nenas"",""019-245 6194"",""Mukim Jeram Batu & Pengkalan Raja"",""Kampung Sungai Tempayan Laut, Kampung Sungai Tempayan Darat, Kampung Sungai Moleh"""
"""Encik Azizan Bin Haji Aliasak"",""Ketua Kampung Baru"",""No. 5, Jalan Permas Hulu 1, Kampung Permas Hulu 82300 Penerok, Pontian, Johor"",""017-9971451"",""Mukim Sungai Karang"",""Kampung Permas Ulu, Kampung Permas Sungai Karang"""
"""Encik Asmadi Bin Bachok @ Mohd Nawai"",""Ketua Kampung Parit Makuaseng"",""NO. 23 JALAN SRI BUGIS, PARIT MAKUASENG, 82200 BENUT, PONTIAN"",""011-21784914"",""Mukim Benut"",""Kampung Parit Lapis Makuaseng, Kampung Parit Daing Pelawa, Kampung Parit Daing Masigah, Kampung Parit Jabir Laut, Kampung Kebun Baru/Parit Bakau, Taman Dato' Hajjah Fatimah Salim"""
"""Encik Taib Bin Abdul Rahim"",""Ketua Kampung Ulu Pulai"",""No. 74, Kampung Ulu Pulai 81550 Gelang Patah, Johor"",""019-455 0755"",""Mukim Jeram Batu & Pengkalan Raja"",""Kampung Air Hitam, Kampung Bakar Arang, Kampung Jeram Choh"""
"""Encik Md. Khamisan Bin Bohari"",""Ketua Kampung Parit Mastar (Ramunia Laut)"",""No. 99 Kampung Parit Mastar, 82200 Benut, Pontian"",""013-8234857"",""Mukim Sungai Pinggan"",""Kampung Parit Ismail Kanan, Kampung Simpang Selangor, Kampung Parit Kadiran, Kampung Parit Makasar, Kampung Parit Lintang 2 Barat, Kampung Parit Keliling Barat, Kampung Parit Mastar"""
"""Encik Mohd Amin Bin Amil"",""Ketua Kampung Parit Mastar"",""No. 30, Kampung Parit Mastar 82000 Benut, Pontian, Johor"",""019-6166758"",""Mukim Sungai Pinggan"",""Kampung Parit Ismail Kanan, Kampung Parit Pinang, Kampung Parit Getah, Kampung Parit CD 1 & 2, Kampung Parit Keliling, TAYAN"""
"""Encik Havari @ Md. Azri Bin Sa'adon"",""Ketua Kampung Parit Mansor"",""No. 3B, Kampung Parit Jamal 82200 Benut Pontian, Johor"",""013-7459573"",""Mukim Benut"",""Kampung Parit Salleh, Kampung Parit Jamal, Kampung Parit Wak Jabir Darat, Kampung Parit Talibek, Kampung Parit Terus Batu 6 1/4"""
"""Encik Mohd Daud Bin Ismail"",""Ketua Kampung Penerok"",""No 8, Jalan Wakaf Penerok, 82300 Kukup Johor"",""019-621 8393"",""Mukim Ayer Masin"",""Kampung Bugis, Kampung Parit Kongsi, Kampung Pekan Penerok, Kampung Jalan Makam, Kampung Jalan Alsagoff, Kampung Batu 6 Penerok"""
"""Encik Zaimiruddin Bin Musa"",""Ketua Kampung Parit Keroma"",""T/L 56, No. 1, Lorong Hj Musa, Batu 48 Kampung Parit Hj Ahmad 82100 Ayer Baloi, Pontian, Johor"",""017-7953878"",""Mukim Ayer Baloi"",""Kampung Parit Embok, Kampung Parit Gehak, Kampung Parit Rambai, Kampung Parit Keroma Darat, Kampung Parit Jelotong Darat, Kampung Tengah"""
"""Encik Abdullah Bin Mohd Said"",""Ketua Kampung Peradin"",""No. 25, Kampung Peradin, Telok Kerang 82020 Pontian, Johor"",""010-7162020"",""Mukim Sungai Karang"",""Kampung Baru, Kampung Sungai Senai, Kampung Belokok, Kampung Parit Jerman"""
"""Tuan Haji Baharudin Bin Bahri"",""Ketua Kampung Parit Sikom Ulu"",""No 364, Taman Jaya 82000 Pontian, Johor"",""019-742 3478"",""Mukim Pontian"",""Kampung Parit Karto, Kampung Parit Dinar, Kampung Parit Hj. Hassan, Kampung Parit Hj. Yaakob, Kampung Kecik, Kampung Parit Gudang"""
"""Encik Karnain Bin Jukri @ Jufri"",""Ketua Kampung Parit Betak"",""PAD 28, Kampung Parit Abas 82210 Benut Johor"",""017-7523315"",""Mukim Benut"",""Pekan Parit Betak, Kampung Parit Betak Darat, Kampung Parit Abas"""
"""Encik Mohamad Surahman Bin Lisiwo"",""Ketua Kampung Parit Tengah"",""TL 88/8 Kampung Parit Puteri Menangis 82200 Benut, Pontian"",""011-15296521"",""Mukim Sungai Pinggan"",""Kampung Parit Puteri Menangis"""
"""Encik Mohd Miswan Bin Saman"",""Ketua Kampung Parit Kahar"",""No. 35 Kampung Parit Kahar 82100 Ayer Baloi, Pontian, Johor"",""019-7964418"",""Mukim Ayer Baloi"",""Kampung Parit Rambai, Kampung Parit Limin, Kampung Parit Saniman, Kampung Parit Lancang, Kampung Parit Hj. Salleh, Kampung Parit Lancang Lapis"""
"""Encik Zakaria Bin Omar"",""Ketua Kampung Permatang Palas"",""No TL PPL 24 Kampung Permatang Palas 82210 Benut Pontian Johor"",""011-18726573 / 019-7975185"",""Mukim Benut"",""Kampung Permatang Palas Darat, Kampung Permatang Palas Laut"""
"""Encik Mohd Ikhsan Bin Hashim"",""Ketua Kampung Permatang Sepam"",""No. 80, Kampung Permatang Sepam 82200 Benut, Pontian, Johor"",""019-3779837"",""Mukim Benut"",""Kampung Permatang Sepam Darat, Kampung Permatang Sepam Laut"""
"""Tuan Haji Abd Rahim Bin Haji Laberahimah"",""Ketua Kampung Parit Asam Kumbang"",""No. 88, Jalan Parit Ibrahim 82200 Benut, Pontian"",""019-7631111"",""Mukim Sungai Pinggan"",""Jalan Parit Ibrahim, Jalan Asam Kumbang Laut, Kampung Parit Seraya, Jalan Hj. Omar"""
"""Encik Mohd Sarlan Bin Saringa'at"",""Ketua Kampung Parit Selangor"",""No. 27 Kampung Parit Baru, Batu 31, Jalan Johor 81500 Pekan Nanas, Johor"",""012-707 5766"",""Mukim Pontian"",""Kampung Parit Baru, Kampung Seri Bukit Panjang, Kampung Melayu Bukit Panjang, Kampung Parit Selangor"""
"""Encik Hamid Bin Amin @ Abd Latip"",""Ketua Kampung Permatang Duku"",""No. 53 Kampung Permatang Duku, 82210 Benut, Pontian"",""013-6537214 / 013-6820816"",""Mukim Benut"",""Kampung Permatang Duku Darat, Kampung Permatang Duku Laut"""
"""Encik Zulkeffee Bin Saieri"",""Ketua Kampung Parit Puteri Menangis"",""No. 10 Kampung Parit Gantung 82100 Sanglang Pontian, Johor"",""013-7367826"",""Mukim Ayer Baloi"",""Kampung Parit Gantong, Kampung Parit Salleh, Kampung Parit Puteri Menangis 1, Kampung Parit Puteri Menangis 2"""
"""Encik Ahmad Zainal Huri Bin Omar"",""Ketua Kampung Batu 26"",""No. 22, Jalan Mewah 2, Taman Mewah, 81500 Pekan Nanas, Pontian"",""012-993 0400"",""Mukim Jeram Batu & Pengkalan Raja"",""Kampung Pak Musa, Kampung Sri Muhibbah, Kampung Wak Dollah, Taman Mewah, Taman Sri Jaya, Taman Sri Kota, Taman Seri Pekan Nenas, Taman Suria, Taman Season"""
"""Encik Ismail Bin Ahmad"",""Ketua Kampung Sanglang"",""TL 18 Parit Baran, Sanglang Laut, 82100 Ayer Baloi Pontian Johor"",""010-5197200"",""Mukim Ayer Baloi"",""Kampung Parit Baran, Kampung Parit Wak Katib, Kampung Parit Wak Jalal, Kampung Parit Panggong, Kampung Parit Lama, Kampung Pinggir, Kampung Parit Puteri Menangis Laut, Kampung Baru Orang Asli Kuala Benut"""
"""Encik Mohd Kasmadi Bin Md Suboh"",""Ketua Kampung Parit Marjunit"",""No. 67, Kampung Parit Marjunid 82200 Benut, Pontian"",""013-7393800"",""Mukim Sungai Pinggan"",""Kampung Parit Seraya, Kampung Parit Selangor, Kampung Simpang Gagak, Kampung Parit Othman, Kampung Parit Hussin, Kampung Parit Minal, Kampung Yassin Timur, Kampung Parit CD 2 & 3 Timur, Kampung Parit Keliling"""
"""Encik Abd. Razak Bin Ab. Rahman"",""Ketua Kampung Sungai Durian"",""No. 104, Jalan Dapat, Kampung Sungai Durian, 82300 Kukup, Pontian, Johor"",""019-729 6786"",""Mukim Serkat"",""Jalan Muafakat Sungai Durian, Jalan Fadil, Kampung Kebun Baru, Kampung Kukup Laut, Taman Laksamana, Taman Mahkota, Taman Wira, Taman Setia, Jalan Haji Ismail, Jalan Dapat, Jalan Yunus, Jalan Klinik, Jalan Imam Haji Ahmad"""
"""Encik Suhaini Bin Marsom"",""Ketua Kampung Parit Hj. Yassin"",""TL 60 Kampung Parit Haji Yassin 82200 Benut, Pontian, Johor"",""013-7385506"",""Mukim Sungai Pinggan"",""Kampung Parit Wagiman, Kampung Parit Markom, Kampung Parit Bachok, Kampung Parit Dahlan, Kampung Parit Ramunia, Kampung Parit Ismail Kanan"""
"""Encik Ahmad Yahya Bin Damiran"",""Ketua Kampung Lama"",""No 8E, Lorong Damai, Jalan Parit Ismail 82200 Benut Pontian, Johor"",""013-7308932"",""Mukim Benut"",""Kampung Baru, Kampung Parit Rambai, Kampung Parit Pinang, Kampung Parit Getah"""
"""Encik Mohd Zamri Bin A Moin"",""Ketua Kampung Taman Tuah"",""D/A No.7, Lorong C 12, 81500 Pekan Nanas, Pontian"",""012-748 8879"",""Mukim Jeram Batu & Pengkalan Raja"",""Kampung Peng Meng, Taman Sri Nenas, Taman Utama, Taman Hidayah, Taman Ria, Taman Putera, Taman Gemilang"""
"""Encik Muhamad Rosli Bin Yusoff"",""Ketua Kampung Parit Abd. Rahman"",""No 73, Kampung Parit Abdul Rahman 82200 Benut, Pontian, Johor"",""011-10605940"",""Mukim Benut"",""Kampung Parit Mohd Ariff, Kampung Sungai Besar Darat, Kampung Sungai Besar Laut, Kampung Parit Satu, Jalan Wawasan"""
"""Encik Malek Bin Lawnek"",""Ketua Kampung Sungai Punai"",""No. 13, Kampung Sungai Punai, Telok Kerang, 82020 Pontian, Johor"",""019-7489901"",""Mukim Sungai Karang"",""Kampung Sungai Karang, Kampung Buluh Kasap, Kampung Sungai Punai, Kampung Parit Baru, Kampung Sungai Resan"""
"""Encik Amran Bin Abd Jalil"",""Ketua Kampung Telok Kerang"",""No 25A, Lorong Haji Hashim, Kampung Kubur /Lama 82020 Telok Kerang Pontian, Johor"",""012-763 0227"",""Mukim Rimba Terjun"",""Kampung Kubur, Kampung Parit Serong Laut, Kampung Sawah Lama, Kampung Tengah 1, Kampung Tengah 2, Kampung Parit Wir, Kampung Timur Raya, Kampung Parit Supian, Kampung Lama, Kampung Parit Serong Darat, Kampung Timur Laut"""
"""Encik Hamidon Bin Riffin"",""Ketua Kampung Parit Pasir Baru"",""No. 52B, Kampung Parit Pasir, 81500 Pekan Nanas, Pontian"",""010-422 3001"",""Mukim Jeram Batu & Pengkalan Raja"",""Kampung Parit Pasir Lama, Kampung Masjid, Kampung Sri Kenangan, Kampung Sinar Harapan, Taman Sri Damansara, Taman Impian, Taman Sri Bahagia"""
"""Encik Samsudin Bin Rapie"",""Ketua Kampung Lubok Sipat"",""Lsd 13/11, Kampung Lubok Sipat 82210 Benut Pontian Johor"",""011-74306010 / 017-4452213"",""Mukim Benut"",""Kampung Lapis Lubok Sipat, Kampung Parit Terampil, Kampung Parit Hj. Abd. Rahman, Kampung Parit Yusof, Kampung Parit Hussein"""
"""Encik Zakaria Bin Muhamad"",""Ketua Kampung Permas Kelapa"",""No-11b, Kampung Permas Kelapa, 82300 Kukup Johor"",""011-1227 5515"",""Mukim Serkat"",""Kampung Permas Hj. Saayon, Kampung Permas Simpang Kiri"""
"""Encik Muhamad Diah Bin Ambok Antak"",""Ketua Kampung Kg Rahmat"",""No 1, Job Wak Suradi, Parit Hassan 82200 Benut Pontian, Johor"",""013-7151343"",""Mukim Benut"",""Kampung Parit Hassan (Kampung Parit Stan)"""
"""Encik Roslan Bin Mohd Ali"",""Ketua Kampung Parit Hj. Ahmad"",""Kampung Parit Haji Ahmad 82100 Ayer Baloi, Pontian, Johor"",""019-719077 / 017-7180774"",""Mukim Ayer Baloi"",""Kampung Parit Baran, Kampung Parit Jelotong Laut, Kampung Parit Daing Peradang, Kampung Parit Tebing Kiri (Hj. Nor), Kampung Parit Kongsi 1 & 2, Pekan Jelotong, Kampung Parit Sangkar 2 Besar, Kampung Parit Sangkar 2 Kecil, Kampung Lembah Pantai 1, Pengkalan Raja (Majlis Daerah), Kampung Tengah (Majlis Daerah), Tebing Kanan Sungai Ayer Baloi"""
"""Encik Mohammad Nazim Bin Suratman"",""Ketua Kampung Parit Hj. Karim"",""TL26, Kampung Parit Hj. Abd. Karim 82100 Ayer Baloi, Pontian, Johor"",""016-3221614"",""Mukim Ayer Baloi"",""Kampung Parit Haji Alias, Kampung Parit Tengah, Kampung Parit Hj. Ghazali, Kampung Parit Baru, Kampung Parit Mokhayat, Kampung Parit Omar, Kampung Parit Sri Pulai, Kampung Parit Rengit, Kampung Seri Kemajuan, Kampung Seri Wawasan"""
